{
    "tersoff": {
        "element1": "Ag",
        "element2": "Ag",
        "element3": "Ag",
        "m": 1.0,
        "gamma": 0.439004132,
        "lambda3": 2.081215,
        "c": 299830.887,
        "d": 496.9692108,
        "h": -0.283814359,
        "n": 1.254540539,
        "beta": 0.577719735,
        "lambda2": 1.301999873,
        "B": 67.91828712,
        "R": 4.527969417,
        "D": 0.776211611,
        "lambda1": 3.146003288,
        "A": 3347.691344
    },
    "scaling": {
        "epsilon": 0.480327194,
        "sigma": 1.8998194,
        "k1": 87.37014716,
        "k2": 2.264557099,
        "RcLR": 9.649360956
    }
}