{
    "tersoff": {
        "element1": "Al",
        "element2": "Al",
        "element3": "Al",
        "m": 1.0,
        "gamma": 0.61326995,
        "lambda3": 1.390807006,
        "c": 206728.4214,
        "d": 547.6951546,
        "h": -0.409328744,
        "n": 0.586298228,
        "beta": 0.547650551,
        "lambda2": 1.095687614,
        "B": 67.74558273,
        "R": 4.904788169,
        "D": 0.966678745,
        "lambda1": 2.766703214,
        "A": 1272.396803
    },
    "scaling": {
        "epsilon": 0.315475527,
        "sigma": 2.750566828,
        "k1": 98.3112166,
        "k2": 3.614864665,
        "RcLR": 8.56676085
    }
}