{
    "tersoff": {
        "element1": "As",
        "element2": "As",
        "element3": "As",
        "m": 1.0,
        "gamma": 1.106244146,
        "lambda3": 2.884304258,
        "c": 65223.88438,
        "d": 308.1048407,
        "h": -0.563380956,
        "n": 1.342579919,
        "beta": 0.559130447,
        "lambda2": 1.227024981,
        "B": 100.6111088,
        "R": 3.401637287,
        "D": 0.58323519,
        "lambda1": 2.917644724,
        "A": 2179.071075
    },
    "scaling": {
        "epsilon": 0.265131013,
        "sigma": 3.28758861,
        "k1": 55.0250877,
        "k2": 9.045779104,
        "RcLR": 13.4060757
    }
}