{
    "tersoff": {
        "element1": "Au",
        "element2": "Au",
        "element3": "Au",
        "m": 1.0,
        "gamma": 0.540184679,
        "lambda3": 1.55210473,
        "c": 32709.11482,
        "d": 317.1653606,
        "h": 0.297478562,
        "n": 0.804091077,
        "beta": 0.65383625,
        "lambda2": 1.268620424,
        "B": 83.30626228,
        "R": 4.456082718,
        "D": 0.613184263,
        "lambda1": 3.30339905,
        "A": 5668.65435
    },
    "scaling": {
        "epsilon": 1.291224079,
        "sigma": 2.484037292,
        "k1": 86.51252656,
        "k2": 5.334187157,
        "RcLR": 11.80323209
    }
}