{
    "tersoff": {
        "element1": "B",
        "element2": "B",
        "element3": "B",
        "m": 1.0,
        "gamma": 0.471737346,
        "lambda3": 1.958698013,
        "c": 17303.90172,
        "d": 98.49490145,
        "h": -1.601276844,
        "n": 2.588982161,
        "beta": 0.120603008,
        "lambda2": 1.21032307,
        "B": 42.68956511,
        "R": 2.689202772,
        "D": 1.075218182,
        "lambda1": 3.761527212,
        "A": 844.2957697
    },
    "scaling": {
        "epsilon": 0.093267,
        "sigma": 1.583298,
        "k1": 78.2364,
        "k2": 2.7259,
        "RcLR": 9.036302
    }
}