{
    "tersoff": {
        "element1": "Ba",
        "element2": "Ba",
        "element3": "Ba",
        "m": 1.0,
        "gamma": 1.080429781,
        "lambda3": 2.197,
        "c": 54053.44342,
        "d": 757.9563559,
        "h": 0.091677874,
        "n": 1.325812836,
        "beta": 0.569926462,
        "lambda2": 0.01238515,
        "B": 0.885917927,
        "R": 5.613391625,
        "D": 1.103671746,
        "lambda1": 2.386872518,
        "A": 1378.553718
    },
    "scaling": {
        "epsilon": 0.965764,
        "sigma": 2.497763,
        "k1": 72.6924,
        "k2": 1.4554,
        "RcLR": 11.037448
    }
}