{
    "tersoff": {
        "element1": "Be",
        "element2": "Be",
        "element3": "Be",
        "m": 1.0,
        "gamma": 0.389322938,
        "lambda3": 0.554376294,
        "c": 144255.5747,
        "d": 686.139186,
        "h": 0.02274642,
        "n": 1.182029373,
        "beta": 0.122285965,
        "lambda2": 1.757902066,
        "B": 48.50631693,
        "R": 3.513963888,
        "D": 0.578399955,
        "lambda1": 3.600194036,
        "A": 798.7204114
    },
    "scaling": {
        "epsilon": 0.037022,
        "sigma": 2.2832,
        "k1": 58.7876,
        "k2": 0.6999,
        "RcLR": 11.11013
    }
}