{
    "tersoff": {
        "element1": "Bi",
        "element2": "Bi",
        "element3": "Bi",
        "m": 1.0,
        "gamma": 0.428842935,
        "lambda3": 1.762335078,
        "c": 136185.8192,
        "d": 282.8821816,
        "h": -0.154665,
        "n": 1.486131241,
        "beta": 1.096823628,
        "lambda2": 0.927192609,
        "B": 52.61997211,
        "R": 3.819974038,
        "D": 1.341637421,
        "lambda1": 2.814392264,
        "A": 4213.936014
    },
    "scaling": {
        "epsilon": 0.523803,
        "sigma": 2.226705,
        "k1": 46.16,
        "k2": 6.6549,
        "RcLR": 9.782088
    }
}