{
    "tersoff": {
        "element1": "C",
        "element2": "C",
        "element3": "C",
        "m": 1.0,
        "gamma": 1.356341544,
        "lambda3": 1.325014828,
        "c": 172558.8946,
        "d": 259.030336,
        "h": -1.024062133,
        "n": 1.274996013,
        "beta": 0.073875782,
        "lambda2": 1.237579216,
        "B": 72.069305,
        "R": 1.914491402,
        "D": 1.173101798,
        "lambda1": 3.553365135,
        "A": 645.54068
    },
    "scaling": {
        "epsilon": 0.198195271,
        "sigma": 2.530738424,
        "k1": 94.0835042,
        "k2": 9.108572273,
        "RcLR": 8.797646976
    }
}