{
    "tersoff": {
        "element1": "Ca",
        "element2": "Ca",
        "element3": "Ca",
        "m": 1.0,
        "gamma": 0.601021859,
        "lambda3": 1.68855454,
        "c": 84072.63094,
        "d": 541.0676661,
        "h": 0.0250954,
        "n": 1.341695877,
        "beta": 0.204708236,
        "lambda2": 0.679774753,
        "B": 7.305849158,
        "R": 5.497807288,
        "D": 1.253721854,
        "lambda1": 2.830294691,
        "A": 4659.512322
    },
    "scaling": {
        "epsilon": 0.104062639,
        "sigma": 2.422769663,
        "k1": 53.89038493,
        "k2": 5.165081808,
        "RcLR": 10.2350796
    }
}