{
    "tersoff": {
        "element1": "Cd",
        "element2": "Cd",
        "element3": "Cd",
        "m": 1.0,
        "gamma": 1.373903135,
        "lambda3": 3.171310137,
        "c": 149186.9592,
        "d": 813.7241335,
        "h": -0.935908093,
        "n": 0.763500877,
        "beta": 0.007712742,
        "lambda2": 1.719081756,
        "B": 48.60324077,
        "R": 3.341765009,
        "D": 0.735708505,
        "lambda1": 3.645203574,
        "A": 8668.575744
    },
    "scaling": {
        "epsilon": 0.224392209,
        "sigma": 3.084920374,
        "k1": 35.86897909,
        "k2": 6.212665025,
        "RcLR": 8.891974
    }
}