{
    "tersoff": {
        "element1": "Co",
        "element2": "Co",
        "element3": "Co",
        "m": 1.0,
        "gamma": 2.018582792,
        "lambda3": 0.493139267,
        "c": 80694.34818,
        "d": 426.3412213,
        "h": -0.384391039,
        "n": 0.769860607,
        "beta": 0.68803926,
        "lambda2": 0.426205112,
        "B": 13.59954812,
        "R": 3.200504248,
        "D": 1.139856984,
        "lambda1": 3.569969101,
        "A": 1223.654439
    },
    "scaling": {
        "epsilon": 0.712191921,
        "sigma": 2.546677283,
        "k1": 90.27443323,
        "k2": 5.989507871,
        "RcLR": 9.604259394
    }
}