{
    "tersoff": {
        "element1": "Cr",
        "element2": "Cr",
        "element3": "Cr",
        "m": 1.0,
        "gamma": 1.92795542,
        "lambda3": 1.7671341,
        "c": 1119883.517,
        "d": 5221.57347,
        "h": -0.399398021,
        "n": 1.165667229,
        "beta": 0.535819241,
        "lambda2": 1.112386068,
        "B": 76.8392884,
        "R": 4.504818329,
        "D": 0.298300173,
        "lambda1": 3.102805518,
        "A": 932.6629025
    },
    "scaling": {
        "epsilon": 0.486637,
        "sigma": 2.361382,
        "k1": 92.3655,
        "k2": 7.3694,
        "RcLR": 11.923865
    }
}