{
    "tersoff": {
        "element1": "Cs",
        "element2": "Cs",
        "element3": "Cs",
        "m": 1.0,
        "gamma": 1.41192758,
        "lambda3": -0.594485472,
        "c": 78880.54739,
        "d": 587.9518475,
        "h": 0.342520639,
        "n": 1.611704147,
        "beta": 2.82427e-07,
        "lambda2": 0.291398126,
        "B": 0.748992305,
        "R": 6.205049779,
        "D": 0.864691614,
        "lambda1": 2.408972612,
        "A": 5179.457988
    },
    "scaling": {
        "epsilon": 0.072900881,
        "sigma": 3.132467505,
        "k1": 26.70759923,
        "k2": 0.997328444,
        "RcLR": 12.64727929
    }
}