{
    "tersoff": {
        "element1": "Cu",
        "element2": "Cu",
        "element3": "Cu",
        "m": 1.0,
        "gamma": 1.980852481,
        "lambda3": -0.018161201,
        "c": 198952.0274,
        "d": 392.3384758,
        "h": -0.473107091,
        "n": 0.456987926,
        "beta": 0.268096204,
        "lambda2": 1.069379843,
        "B": 56.92693813,
        "R": 3.935778112,
        "D": 0.866449238,
        "lambda1": 3.696412894,
        "A": 2495.524952
    },
    "scaling": {
        "epsilon": 0.281895956,
        "sigma": 2.70053134,
        "k1": 91.1371509,
        "k2": 8.64756679,
        "RcLR": 13.49371528
    }
}