{
    "tersoff": {
        "element1": "Fe",
        "element2": "Fe",
        "element3": "Fe",
        "m": 1.0,
        "gamma": 1.348803356,
        "lambda3": 1.131690664,
        "c": 125033.9361,
        "d": 984.4901492,
        "h": -0.259638411,
        "n": 1.281306674,
        "beta": 1.362859335,
        "lambda2": 0.65108477,
        "B": 36.53924165,
        "R": 3.85107905,
        "D": 0.937046269,
        "lambda1": 3.048350721,
        "A": 798.8657954
    },
    "scaling": {
        "epsilon": 0.199181714,
        "sigma": 2.960363905,
        "k1": 66.37455175,
        "k2": 9.730524066,
        "RcLR": 10.96653145
    }
}