{
    "tersoff": {
        "element1": "Ga",
        "element2": "Ga",
        "element3": "Ga",
        "m": 1.0,
        "gamma": 0.335734826,
        "lambda3": 3.471330188,
        "c": 272466.9786,
        "d": 460.9757712,
        "h": -0.616594581,
        "n": 0.865522121,
        "beta": 0.682852796,
        "lambda2": 1.162583267,
        "B": 56.15376023,
        "R": 4.192036967,
        "D": 0.94667352,
        "lambda1": 2.929695689,
        "A": 1363.339421
    },
    "scaling": {
        "epsilon": 0.870039287,
        "sigma": 2.880120134,
        "k1": 55.68070898,
        "k2": 7.537198109,
        "RcLR": 9.821670567
    }
}