{
    "tersoff": {
        "element1": "Ge",
        "element2": "Ge",
        "element3": "Ge",
        "m": 1.0,
        "gamma": 1.592848631,
        "lambda3": 0.55062431,
        "c": 127524.3878,
        "d": 424.2159922,
        "h": -0.401269633,
        "n": 1.435117334,
        "beta": 0.469540896,
        "lambda2": 1.061831856,
        "B": 54.30648823,
        "R": 3.420435009,
        "D": 0.398005685,
        "lambda1": 3.695443654,
        "A": 6282.806413
    },
    "scaling": {
        "epsilon": 0.489924233,
        "sigma": 3.497502639,
        "k1": 80.30992939,
        "k2": 6.755374181,
        "RcLR": 13.57379685
    }
}