{
    "tersoff": {
        "element1": "Hf",
        "element2": "Hf",
        "element3": "Hf",
        "m": 1.0,
        "gamma": 0.537087031,
        "lambda3": -0.645372326,
        "c": 282074.3915,
        "d": 625.5649075,
        "h": -0.525559262,
        "n": 1.293372245,
        "beta": 0.529141922,
        "lambda2": 0.635009172,
        "B": 17.86215975,
        "R": 4.193246955,
        "D": 1.162261159,
        "lambda1": 3.433042224,
        "A": 2207.798866
    },
    "scaling": {
        "epsilon": 0.064317644,
        "sigma": 2.757840692,
        "k1": 47.72151412,
        "k2": 4.202250839,
        "RcLR": 11.562887
    }
}