{
    "tersoff": {
        "element1": "In",
        "element2": "In",
        "element3": "In",
        "m": 1.0,
        "gamma": 1.18003807,
        "lambda3": 1.971969108,
        "c": 104714.9588,
        "d": 541.0974275,
        "h": -0.017707181,
        "n": 0.715906464,
        "beta": 0.711710569,
        "lambda2": 0.907676898,
        "B": 44.78258893,
        "R": 4.16275743,
        "D": 0.248455146,
        "lambda1": 2.708250568,
        "A": 1779.665973
    },
    "scaling": {
        "epsilon": 0.019035,
        "sigma": 3.125197,
        "k1": 62.9797,
        "k2": 2.2415,
        "RcLR": 8.165851
    }
}