{
    "tersoff": {
        "element1": "Ir",
        "element2": "Ir",
        "element3": "Ir",
        "m": 1.0,
        "gamma": 1.515170714,
        "lambda3": 2.501558073,
        "c": 249903.8071,
        "d": 441.9181724,
        "h": -0.380968138,
        "n": 0.891345414,
        "beta": 0.373009713,
        "lambda2": 0.677890537,
        "B": 32.87769716,
        "R": 3.786398208,
        "D": 0.521033474,
        "lambda1": 3.383311321,
        "A": 3435.277077
    },
    "scaling": {
        "epsilon": 0.09592166,
        "sigma": 2.53532036,
        "k1": 27.4032917,
        "k2": 9.986981587,
        "RcLR": 10.58588337
    }
}