{
    "tersoff": {
        "element1": "K",
        "element2": "K",
        "element3": "K",
        "m": 1.0,
        "gamma": 0.190890139,
        "lambda3": 1.422255329,
        "c": 93845.15611,
        "d": 520.0165729,
        "h": 0.021264581,
        "n": 1.576238686,
        "beta": 0.089956024,
        "lambda2": 0.152328952,
        "B": 0.330090427,
        "R": 5.885945343,
        "D": 0.307614421,
        "lambda1": 3.145111298,
        "A": 836.3684338
    },
    "scaling": {
        "epsilon": 0.37815361,
        "sigma": 3.018136796,
        "k1": 33.88116219,
        "k2": 7.943089064,
        "RcLR": 11.95182157
    }
}