{
    "tersoff": {
        "element1": "Li",
        "element2": "Li",
        "element3": "Li",
        "m": 1.0,
        "gamma": 0.403658365,
        "lambda3": 1.574524438,
        "c": 153077.961,
        "d": 835.8136338,
        "h": 0.21833845,
        "n": 0.696339874,
        "beta": 0.176248356,
        "lambda2": 1.31019501,
        "B": 39.66576204,
        "R": 4.282364887,
        "D": 0.539653843,
        "lambda1": 2.763332616,
        "A": 948.2953131
    },
    "scaling": {
        "epsilon": 0.278142038,
        "sigma": 3.280998076,
        "k1": 61.50569789,
        "k2": 8.782786468,
        "RcLR": 14.34966638
    }
}