{
    "tersoff": {
        "element1": "Mg",
        "element2": "Mg",
        "element3": "Mg",
        "m": 1.0,
        "gamma": 1.480006192,
        "lambda3": 2.571519383,
        "c": 1.0,
        "d": 718.7902675,
        "h": -0.292064506,
        "n": 0.904666562,
        "beta": 1e-12,
        "lambda2": 0.830252339,
        "B": 3.697426365,
        "R": 4.332071305,
        "D": 0.923157887,
        "lambda1": 3.590121995,
        "A": 4820.643508
    },
    "scaling": {
        "epsilon": 0.539040509,
        "sigma": 3.227777521,
        "k1": 81.07550467,
        "k2": 4.32014228,
        "RcLR": 12.01785776
    }
}