{
    "tersoff": {
        "element1": "Mn",
        "element2": "Mn",
        "element3": "Mn",
        "m": 1.0,
        "gamma": 0.691663261,
        "lambda3": 2.77539634,
        "c": 235036.1528,
        "d": 539.3090631,
        "h": -0.858423468,
        "n": 0.780540164,
        "beta": 0.36574435,
        "lambda2": 0.158299208,
        "B": 2.153754752,
        "R": 4.655357915,
        "D": 0.217,
        "lambda1": 3.638516335,
        "A": 751.8356469
    },
    "scaling": {
        "epsilon": 0.234414532,
        "sigma": 2.620170677,
        "k1": 76.42004885,
        "k2": 8.089526669,
        "RcLR": 13.35110289
    }
}