{
    "tersoff": {
        "element1": "Mo",
        "element2": "Mo",
        "element3": "Mo",
        "m": 1.0,
        "gamma": 1.064431285,
        "lambda3": 3.224568877,
        "c": 45525.3245,
        "d": 548.8403,
        "h": -0.828290799,
        "n": 1.001685715,
        "beta": 0.689636271,
        "lambda2": 1.089461796,
        "B": 100.0,
        "R": 3.871329492,
        "D": 0.827104827,
        "lambda1": 2.837306147,
        "A": 1234.479192
    },
    "scaling": {
        "epsilon": 0.328548,
        "sigma": 1.48957,
        "k1": 37.6889,
        "k2": 5.2976,
        "RcLR": 12.55871
    }
}