{
    "tersoff": {
        "element1": "Na",
        "element2": "Na",
        "element3": "Na",
        "m": 1.0,
        "gamma": 0.286672007,
        "lambda3": 1.496885877,
        "c": 6051.492309,
        "d": 536.5634878,
        "h": -0.394761259,
        "n": 0.379586185,
        "beta": 0.345311286,
        "lambda2": 0.758507628,
        "B": 7.057994713,
        "R": 4.39268266,
        "D": 0.883447271,
        "lambda1": 3.385067448,
        "A": 2977.082688
    },
    "scaling": {
        "epsilon": 0.781829997,
        "sigma": 2.999467142,
        "k1": 35.7584234,
        "k2": 8.333700039,
        "RcLR": 10.95074377
    }
}