{
    "tersoff": {
        "element1": "Nb",
        "element2": "Nb",
        "element3": "Nb",
        "m": 1.0,
        "gamma": 1.605692851,
        "lambda3": 1.045170744,
        "c": 20586.31782,
        "d": 596.7623982,
        "h": 1.078795456,
        "n": 0.588359781,
        "beta": 0.638479854,
        "lambda2": 0.984270828,
        "B": 93.42058233,
        "R": 3.614261629,
        "D": 0.45916404,
        "lambda1": 3.603718521,
        "A": 8192.397635
    },
    "scaling": {
        "epsilon": 0.131135143,
        "sigma": 3.473509559,
        "k1": 100.0,
        "k2": 7.267820478,
        "RcLR": 11.96203672
    }
}