{
    "tersoff": {
        "element1": "Ni",
        "element2": "Ni",
        "element3": "Ni",
        "m": 1.0,
        "gamma": 1.633132766,
        "lambda3": 2.550007224,
        "c": 269763.271,
        "d": 812.5835119,
        "h": -0.265790302,
        "n": 0.770166985,
        "beta": 0.662147668,
        "lambda2": 0.981654449,
        "B": 50.68472708,
        "R": 3.782335152,
        "D": 1.173649804,
        "lambda1": 3.657281569,
        "A": 2563.146872
    },
    "scaling": {
        "epsilon": 0.471802281,
        "sigma": 3.303197639,
        "k1": 44.89532908,
        "k2": 7.57728473,
        "RcLR": 8.09611573
    }
}