{
    "tersoff": {
        "element1": "Os",
        "element2": "Os",
        "element3": "Os",
        "m": 1.0,
        "gamma": 0.201012041,
        "lambda3": 1.60889609,
        "c": 57499.75116,
        "d": 219.998652,
        "h": -1.755431765,
        "n": 1.396875848,
        "beta": 0.63920147,
        "lambda2": 0.78686991,
        "B": 41.08896918,
        "R": 5.616030793,
        "D": 0.406133817,
        "lambda1": 3.289373554,
        "A": 3790.748951
    },
    "scaling": {
        "epsilon": 0.147402685,
        "sigma": 2.421082681,
        "k1": 42.6219374,
        "k2": 8.819753789,
        "RcLR": 12.61122667
    }
}