{
    "tersoff": {
        "element1": "P",
        "element2": "P",
        "element3": "P",
        "m": 1.0,
        "gamma": 0.817636314,
        "lambda3": 0.990814767,
        "c": 88656.223,
        "d": 234.5704413,
        "h": -0.069401968,
        "n": 1.21831237,
        "beta": 1.024415214,
        "lambda2": 1.074725703,
        "B": 60.44157271,
        "R": 2.648240705,
        "D": 0.907473275,
        "lambda1": 3.65221791,
        "A": 3268.035577
    },
    "scaling": {
        "epsilon": 0.1,
        "sigma": 4.172088,
        "k1": 104.3823,
        "k2": 4.3652,
        "RcLR": 8.079076
    }
}