{
    "tersoff": {
        "element1": "Pb",
        "element2": "Pb",
        "element3": "Pb",
        "m": 1.0,
        "gamma": 1.145021612,
        "lambda3": 0.691696985,
        "c": 299791.85,
        "d": 534.7073248,
        "h": 0.266861213,
        "n": 1.113867118,
        "beta": 0.740240453,
        "lambda2": 0.524214715,
        "B": 13.53564362,
        "R": 4.517005421,
        "D": 0.338926208,
        "lambda1": 3.204191428,
        "A": 4919.256364
    },
    "scaling": {
        "epsilon": 0.983028724,
        "sigma": 2.516372875,
        "k1": 85.97972499,
        "k2": 4.63503069,
        "RcLR": 12.13131791
    }
}