{
    "tersoff": {
        "element1": "Pd",
        "element2": "Pd",
        "element3": "Pd",
        "m": 1.0,
        "gamma": 0.9921444,
        "lambda3": 0.59359854,
        "c": 214931.6366,
        "d": 738.3965827,
        "h": 0.617858241,
        "n": 0.289801643,
        "beta": 0.648150217,
        "lambda2": 0.754711276,
        "B": 37.53770302,
        "R": 4.886222734,
        "D": 0.897676349,
        "lambda1": 3.324006014,
        "A": 2436.347635
    },
    "scaling": {
        "epsilon": 0.570708655,
        "sigma": 2.679900418,
        "k1": 68.51300145,
        "k2": 5.975332666,
        "RcLR": 10.91632761
    }
}