{
    "tersoff": {
        "element1": "Pt",
        "element2": "Pt",
        "element3": "Pt",
        "m": 1.0,
        "gamma": 2.285489564,
        "lambda3": 1.290577486,
        "c": 199007.334,
        "d": 445.1252682,
        "h": -0.217482552,
        "n": 0.700743835,
        "beta": 0.763369527,
        "lambda2": 0.64281201,
        "B": 38.48646614,
        "R": 5.57149324,
        "D": 0.407983178,
        "lambda1": 3.400939359,
        "A": 4571.376172
    },
    "scaling": {
        "epsilon": 0.438212734,
        "sigma": 2.525224881,
        "k1": 98.93969405,
        "k2": 2.958248513,
        "RcLR": 10.29412317
    }
}