{
    "tersoff": {
        "element1": "Rb",
        "element2": "Rb",
        "element3": "Rb",
        "m": 1.0,
        "gamma": 0.813939364,
        "lambda3": -0.145613799,
        "c": 138756.0431,
        "d": 565.6565871,
        "h": 0.536127522,
        "n": 0.249781792,
        "beta": 0.112708772,
        "lambda2": 0.286361733,
        "B": 2.234995775,
        "R": 6.227770735,
        "D": 0.761403772,
        "lambda1": 2.844380268,
        "A": 5534.773143
    },
    "scaling": {
        "epsilon": 1.0,
        "sigma": 2.016776668,
        "k1": 21.73110002,
        "k2": 9.674104476,
        "RcLR": 13.69306627
    }
}