{
    "tersoff": {
        "element1": "Re",
        "element2": "Re",
        "element3": "Re",
        "m": 1.0,
        "gamma": 0.867220063,
        "lambda3": 1.649489919,
        "c": 276148.7476,
        "d": 561.7919931,
        "h": -0.875774608,
        "n": 0.92615311,
        "beta": 0.239554639,
        "lambda2": 1.032695972,
        "B": 67.6703742,
        "R": 3.454534619,
        "D": 0.672961801,
        "lambda1": 2.940389386,
        "A": 1901.018145
    },
    "scaling": {
        "epsilon": 0.213364379,
        "sigma": 2.554547196,
        "k1": 44.11165545,
        "k2": 4.501812369,
        "RcLR": 12.98535097
    }
}