{
    "tersoff": {
        "element1": "Rh",
        "element2": "Rh",
        "element3": "Rh",
        "m": 1.0,
        "gamma": 1.420419655,
        "lambda3": 2.562464109,
        "c": 99907.15431,
        "d": 647.1237206,
        "h": -0.140395259,
        "n": 0.487526958,
        "beta": 0.744704577,
        "lambda2": 0.891796417,
        "B": 71.22389368,
        "R": 4.549726836,
        "D": 0.178738264,
        "lambda1": 3.044738951,
        "A": 1763.860904
    },
    "scaling": {
        "epsilon": 0.059255986,
        "sigma": 2.321283774,
        "k1": 96.04428903,
        "k2": 3.16118168,
        "RcLR": 10.41516111
    }
}