{
    "tersoff": {
        "element1": "Ru",
        "element2": "Ru",
        "element3": "Ru",
        "m": 1.0,
        "gamma": 1.13885549,
        "lambda3": 2.530803076,
        "c": 79980.38686,
        "d": 325.1522123,
        "h": -0.554512049,
        "n": 1.022441078,
        "beta": 1.097620425,
        "lambda2": 0.620331197,
        "B": 28.69858397,
        "R": 4.101837952,
        "D": 0.501123867,
        "lambda1": 3.802725511,
        "A": 3140.19991
    },
    "scaling": {
        "epsilon": 0.265456711,
        "sigma": 2.432516346,
        "k1": 41.10622697,
        "k2": 5.893489595,
        "RcLR": 12.95931994
    }
}