{
    "tersoff": {
        "element1": "S",
        "element2": "S",
        "element3": "S",
        "m": 1.0,
        "gamma": 2.80695877,
        "lambda3": 3.303382406,
        "c": 2482005.407,
        "d": 6442.218436,
        "h": -0.671107922,
        "n": 2.366321206,
        "beta": 0.672278112,
        "lambda2": 1.57753987,
        "B": 210.6857932,
        "R": 3.426755389,
        "D": 0.558784629,
        "lambda1": 3.621667726,
        "A": 4722.126813
    },
    "scaling": {
        "epsilon": 0.004606265,
        "sigma": 2.620218374,
        "k1": 49.76293345,
        "k2": 3.132576961,
        "RcLR": 8.376319319
    }
}