{
    "tersoff": {
        "element1": "Sb",
        "element2": "Sb",
        "element3": "Sb",
        "m": 1.0,
        "gamma": 1.205796288,
        "lambda3": 3.428212262,
        "c": 164753.5862,
        "d": 286.9578608,
        "h": -0.144,
        "n": 1.675228883,
        "beta": 0.699835507,
        "lambda2": 0.905019663,
        "B": 42.01677545,
        "R": 4.028566448,
        "D": 1.228351588,
        "lambda1": 3.586686372,
        "A": 12524.14456
    },
    "scaling": {
        "epsilon": 0.136717859,
        "sigma": 3.029951717,
        "k1": 97.37818014,
        "k2": 1.116639675,
        "RcLR": 9.969802129
    }
}