{
    "tersoff": {
        "element1": "Sc",
        "element2": "Sc",
        "element3": "Sc",
        "m": 1.0,
        "gamma": 1.856944766,
        "lambda3": 2.816624988,
        "c": 42210.63695,
        "d": 599.889996,
        "h": -0.014750005,
        "n": 0.860684276,
        "beta": 0.483840607,
        "lambda2": 0.000377392,
        "B": 2.307771854,
        "R": 3.944024934,
        "D": 0.482030036,
        "lambda1": 3.989837195,
        "A": 1102.806886
    },
    "scaling": {
        "epsilon": 0.392490906,
        "sigma": 3.261366341,
        "k1": 28.00422914,
        "k2": 6.566777067,
        "RcLR": 8.758442475
    }
}