{
    "tersoff": {
        "element1": "Se",
        "element2": "Se",
        "element3": "Se",
        "m": 1.0,
        "gamma": 1.866945434,
        "lambda3": 5.284134295,
        "c": 379460.4323,
        "d": 516.990327,
        "h": -0.268654474,
        "n": 1.477779591,
        "beta": 1.078911787,
        "lambda2": 0.906930171,
        "B": 51.88255152,
        "R": 4.397167131,
        "D": 0.284496726,
        "lambda1": 3.470374266,
        "A": 4635.370239
    },
    "scaling": {
        "epsilon": 1.0,
        "sigma": 2.790154,
        "k1": 73.0211,
        "k2": 5.9468,
        "RcLR": 11.327082
    }
}