{
    "tersoff": {
        "element1": "Si",
        "element2": "Si",
        "element3": "Si",
        "m": 1.0,
        "gamma": 1.161046328,
        "lambda3": 1.430520338,
        "c": 84700.08413,
        "d": 287.7858849,
        "h": -0.2142454,
        "n": 1.188595521,
        "beta": 0.606216451,
        "lambda2": 0.876818864,
        "B": 41.7700433,
        "R": 2.975881529,
        "D": 0.596704237,
        "lambda1": 3.113372791,
        "A": 1638.992828
    },
    "scaling": {
        "epsilon": 1.0,
        "sigma": 3.338374359,
        "k1": 100.0,
        "k2": 7.970283456,
        "RcLR": 13.67484445
    }
}