{
    "tersoff": {
        "element1": "Sn",
        "element2": "Sn",
        "element3": "Sn",
        "m": 1.0,
        "gamma": 1.075789457,
        "lambda3": 2.472553968,
        "c": 234035.3107,
        "d": 998.579802,
        "h": 0.219905615,
        "n": 0.865481782,
        "beta": 0.695145199,
        "lambda2": 0.983205941,
        "B": 86.77134569,
        "R": 3.984126032,
        "D": 1.190260828,
        "lambda1": 2.43387035,
        "A": 1602.516257
    },
    "scaling": {
        "epsilon": 0.034352,
        "sigma": 3.789084,
        "k1": 65.4019,
        "k2": 3.5848,
        "RcLR": 12.148124
    }
}