{
    "tersoff": {
        "element1": "Sr",
        "element2": "Sr",
        "element3": "Sr",
        "m": 1.0,
        "gamma": 0.002874677,
        "lambda3": -0.279905101,
        "c": 229975.946,
        "d": 196.9516313,
        "h": 0.739609926,
        "n": 1.846769386,
        "beta": 0.350110848,
        "lambda2": 1.080722827,
        "B": 41.1383277,
        "R": 6.054550855,
        "D": 0.730957664,
        "lambda1": 2.533302713,
        "A": 6198.226751
    },
    "scaling": {
        "epsilon": 0.540459827,
        "sigma": 2.383357541,
        "k1": 59.60493972,
        "k2": 3.939678539,
        "RcLR": 11.40402495
    }
}