{
    "tersoff": {
        "element1": "Ta",
        "element2": "Ta",
        "element3": "Ta",
        "m": 1.0,
        "gamma": 1.994875649,
        "lambda3": 0.356071016,
        "c": 37960.9261,
        "d": 270.3334767,
        "h": -0.200500861,
        "n": 0.48434717,
        "beta": 0.396769923,
        "lambda2": 0.740661737,
        "B": 77.77514435,
        "R": 3.549672448,
        "D": 1.087491645,
        "lambda1": 2.174766918,
        "A": 472.6500557
    },
    "scaling": {
        "epsilon": 0.894446254,
        "sigma": 3.5,
        "k1": 56.46748141,
        "k2": 9.010987909,
        "RcLR": 12.95070214
    }
}