{
    "tersoff": {
        "element1": "Te",
        "element2": "Te",
        "element3": "Te",
        "m": 1.0,
        "gamma": 1.187106601,
        "lambda3": 2.058430258,
        "c": 42194.36619,
        "d": 166.4670169,
        "h": -0.282285175,
        "n": 1.64557754,
        "beta": 1.049863864,
        "lambda2": 0.816193966,
        "B": 42.73690089,
        "R": 3.337707472,
        "D": 0.695473313,
        "lambda1": 3.074997403,
        "A": 4914.854691
    },
    "scaling": {
        "epsilon": 0.036836939,
        "sigma": 3.115980692,
        "k1": 21.87488961,
        "k2": 2.23394627,
        "RcLR": 9.34551566
    }
}