{
    "tersoff": {
        "element1": "Ti",
        "element2": "Ti",
        "element3": "Ti",
        "m": 1.0,
        "gamma": 2.041642677,
        "lambda3": 0.76985604,
        "c": 31609.18119,
        "d": 459.6970893,
        "h": 1.000031178,
        "n": 0.49527892,
        "beta": 0.730661855,
        "lambda2": 0.609286739,
        "B": 25.87802924,
        "R": 3.752769081,
        "D": 0.756737846,
        "lambda1": 3.744686874,
        "A": 2697.709163
    },
    "scaling": {
        "epsilon": 0.117965854,
        "sigma": 2.833069485,
        "k1": 36.10915399,
        "k2": 0.964111804,
        "RcLR": 8.434791183
    }
}