{
    "tersoff": {
        "element1": "Tl",
        "element2": "Tl",
        "element3": "Tl",
        "m": 1.0,
        "gamma": 1.861481018,
        "lambda3": 1.024619449,
        "c": 177004.4707,
        "d": 562.837062,
        "h": -0.838850776,
        "n": 0.87049895,
        "beta": 0.527144758,
        "lambda2": 0.491724128,
        "B": 9.876005883,
        "R": 4.518570476,
        "D": 0.517724204,
        "lambda1": 2.926894875,
        "A": 1981.856132
    },
    "scaling": {
        "epsilon": 0.620039064,
        "sigma": 1.829123761,
        "k1": 33.30019543,
        "k2": 3.918525243,
        "RcLR": 11.74147777
    }
}