{
    "tersoff": {
        "element1": "V",
        "element2": "V",
        "element3": "V",
        "m": 1.0,
        "gamma": 0.828248904,
        "lambda3": 1.868252124,
        "c": 105338.7485,
        "d": 336.7584392,
        "h": -0.555850048,
        "n": 0.767880226,
        "beta": 0.448133891,
        "lambda2": 0.889855294,
        "B": 55.06877235,
        "R": 3.945888512,
        "D": 0.534293061,
        "lambda1": 2.206520942,
        "A": 297.8565742
    },
    "scaling": {
        "epsilon": 0.653741435,
        "sigma": 1.653056402,
        "k1": 25.19483873,
        "k2": 8.871708141,
        "RcLR": 9.147797078
    }
}