{
    "tersoff": {
        "element1": "W",
        "element2": "W",
        "element3": "W",
        "m": 1.0,
        "gamma": 1.733281453,
        "lambda3": 0.889495756,
        "c": 38400.6511,
        "d": 672.1917599,
        "h": 0.175986316,
        "n": 0.931894395,
        "beta": 0.327854969,
        "lambda2": 0.981151321,
        "B": 70.97303351,
        "R": 4.696003567,
        "D": 0.711584029,
        "lambda1": 3.027666244,
        "A": 1889.790063
    },
    "scaling": {
        "epsilon": 0.871266328,
        "sigma": 3.5,
        "k1": 63.22564091,
        "k2": 4.352595505,
        "RcLR": 8.188309126
    }
}