{
    "tersoff": {
        "element1": "Y",
        "element2": "Y",
        "element3": "Y",
        "m": 1.0,
        "gamma": 1.722353735,
        "lambda3": -0.762827663,
        "c": 56836.22713,
        "d": 340.5570259,
        "h": 0.298384897,
        "n": 0.7271999,
        "beta": 0.361694379,
        "lambda2": 1e-12,
        "B": 2.147458895,
        "R": 4.380369471,
        "D": 1.07179749,
        "lambda1": 3.617481558,
        "A": 7085.718235
    },
    "scaling": {
        "epsilon": 0.320196693,
        "sigma": 1.358081976,
        "k1": 24.83542283,
        "k2": 2.205687823,
        "RcLR": 9.990132728
    }
}