{
    "tersoff": {
        "element1": "Zn",
        "element2": "Zn",
        "element3": "Zn",
        "m": 1.0,
        "gamma": 0.083237527,
        "lambda3": 0.820750759,
        "c": 78930.88677,
        "d": 936.397098,
        "h": 0.640748578,
        "n": 1.513753004,
        "beta": 0.305554579,
        "lambda2": 1.969551617,
        "B": 67.47220176,
        "R": 3.814394367,
        "D": 0.85887803,
        "lambda1": 3.811646873,
        "A": 4806.582051
    },
    "scaling": {
        "epsilon": 1.326085473,
        "sigma": 3.643981213,
        "k1": 66.96283645,
        "k2": 5.304692743,
        "RcLR": 7.340658374
    }
}