{
    "tersoff": {
        "element1": "Zr",
        "element2": "Zr",
        "element3": "Zr",
        "m": 1.0,
        "gamma": 0.902476081,
        "lambda3": 0.336486599,
        "c": 100111.1357,
        "d": 798.3309379,
        "h": -0.333348522,
        "n": 1.386597527,
        "beta": 1.100484953,
        "lambda2": 0.381386763,
        "B": 11.32613901,
        "R": 3.70592479,
        "D": 0.323222298,
        "lambda1": 4.037608214,
        "A": 11461.40433
    },
    "scaling": {
        "epsilon": 0.037644637,
        "sigma": 3.256534514,
        "k1": 20.67028522,
        "k2": 2.596271152,
        "RcLR": 8.925563713
    }
}