{"bcc": {"lattice_param_gap": [9.718642277094371, 9.718642277094371, 9.718642277094371], "lattice_param_dft": [9.784817403, 9.784817403, 9.784817403], "gap_energy": -2.688117398860717, "dft_energy": -2.6857628488888885}, "hcp": {"lattice_param_gap": [8.628200436544072, 8.628185371010439, 29.560033760032226], "lattice_param_dft": [8.823536055, 8.823536600120343, 27.938945158], "gap_energy": -2.6720301921961287, "dft_energy": -2.666006374537037}, "dc": {"lattice_param_gap": [6.089685010367037, 6.089685010367037, 6.089685010367038], "lattice_param_dft": [6.152758964, 6.152758964, 6.152758964], "gap_energy": -1.9634785477952525, "dft_energy": -1.93926769875}, "fcc": {"lattice_param_gap": [12.340093730762069, 12.340093730762069, 12.340093730762069], "lattice_param_dft": [12.317143609, 12.317143609, 12.317143609], "gap_energy": -2.711206920308181, "dft_energy": -2.710999323981482}}